Mila-Rose Plant,dummy@email.com
Cinar Dudley,dummy@email.com
Marcus Ware,dummy@email.com
Ayden Hopper,dummy@email.com
Rhiannan Tyler,dummy@email.com
Anton Bowers,dummy@email.com
Rodrigo Rankin,dummy@email.com
Kyran Travers,dummy@email.com
Justine Knights,dummy@email.com
Edwin Gamble,dummy@email.com
Keenan Bender,dummy@email.com
Stephanie Sanchez,dummy@email.com
Emilie Bowman,dummy@email.com
Roisin Oneal,dummy@email.com
Jiya Jacobs,dummy@email.com
Aiden Duarte,dummy@email.com
Myrtle Corbett,dummy@email.com
Bentley Amin,dummy@email.com
Gurveer Appleton,dummy@email.com
Courtnie John,dummy@email.com
Neve Tran,dummy@email.com
Cloe Owen,dummy@email.com
Ianis Wells,dummy@email.com
Safia Gregory,dummy@email.com
Ahmed Guzman,dummy@email.com
Judah Scott,dummy@email.com
Jayde Humphries,dummy@email.com
Bob Hickman,dummy@email.com
Paris Broughton,dummy@email.com
Rida Juarez,dummy@email.com
Tayler Odonnell,dummy@email.com
Geraint Haworth,dummy@email.com
Keri Terrell,dummy@email.com
Rhianna Head,dummy@email.com
Keelan Kelly,dummy@email.com
Ikra Brewer,dummy@email.com
Safiya Villegas,dummy@email.com
Kylo Lees,dummy@email.com
Kamal Abbott,dummy@email.com
Gabriel Ahmad,dummy@email.com
Arman Hendrix,dummy@email.com
Hayden Moody,dummy@email.com
Athena Montgomery,dummy@email.com
Moshe Miranda,dummy@email.com
Sidrah Richmond,dummy@email.com
Shakir Sinclair,dummy@email.com
Mehak Gallagher,dummy@email.com
Emme Lutz,dummy@email.com
Shayna Guevara,dummy@email.com
Brook Farmer,dummy@email.com
Cataleya Tucker,dummy@email.com
Lexi-Mae Wilkinson,dummy@email.com
Humairaa Daly,dummy@email.com
Patricia Wilkerson,dummy@email.com
Caleb Gale,dummy@email.com
Connagh Grant,dummy@email.com
Manuel Chase,dummy@email.com
Tamara Adkins,dummy@email.com
Zidan Beaumont,dummy@email.com
Peggy Payne,dummy@email.com
Hilda Greene,dummy@email.com
Linda Benton,dummy@email.com
Marcos Walker,dummy@email.com
Kaylie Boyle,dummy@email.com
Zephaniah Davey,dummy@email.com
Zohaib Lord,dummy@email.com
Izaan Conner,dummy@email.com
Mathilde Parker,dummy@email.com
Elicia Reeves,dummy@email.com
Beatrice Guy,dummy@email.com
Gladys Clarke,dummy@email.com
Cristina Huber,dummy@email.com
Samson Stamp,dummy@email.com
Megan Cruz,dummy@email.com
Nikita Goldsmith,dummy@email.com
Scarlette King,dummy@email.com
Alyssa Snow,dummy@email.com
Kaan Brett,dummy@email.com
Nabila Pitt,dummy@email.com
Jan Tyson,dummy@email.com
Evie-Grace Mcneil,dummy@email.com
Yu Malone,dummy@email.com
Cade Gilbert,dummy@email.com
Inaya Haines,dummy@email.com
Nathanael Chambers,dummy@email.com
Lynsey Parkes,dummy@email.com
Rishi Johnson,dummy@email.com
Austen Williamson,dummy@email.com
Gurleen House,dummy@email.com
Raisa Lancaster,dummy@email.com
Korben Horton,dummy@email.com
Tonisha Rush,dummy@email.com
Mildred Graham,dummy@email.com
Sara Oconnell,dummy@email.com
Carly Fenton,dummy@email.com
Gianni Alcock,dummy@email.com
Garrett Kelley,dummy@email.com
Dale O'Doherty,dummy@email.com
Morgan Goulding,dummy@email.com
Luciano Esparza,dummy@email.com
Suzannah Gaines,dummy@email.com
Shanelle Jackson,dummy@email.com
Sian Dunlop,dummy@email.com
Amber-Rose Ayers,dummy@email.com
Alfred Hamilton,dummy@email.com
Barney Bridges,dummy@email.com
Melanie Pearson,dummy@email.com
Calvin Mason,dummy@email.com
Arielle Quintana,dummy@email.com
Blythe Ashton,dummy@email.com
Samual Lowery,dummy@email.com
Theodora Cain,dummy@email.com
Elena Mcmanus,dummy@email.com
Inaya Alfaro,dummy@email.com
Mara Owens,dummy@email.com
Lillie-Mae Macias,dummy@email.com
Dennis Penn,dummy@email.com
Marjorie Wolfe,dummy@email.com
Karter Ho,dummy@email.com
Garrett Brooks,dummy@email.com
Tyreece Copeland,dummy@email.com
Anum Cotton,dummy@email.com
Reggie Laing,dummy@email.com
Skylar Fountain,dummy@email.com
Ariadne Whitney,dummy@email.com
Haidar Weiss,dummy@email.com
Raisa Weston,dummy@email.com
Keisha Ayala,dummy@email.com
Arman Malone,dummy@email.com
Faith Craft,dummy@email.com
Zoha Cortes,dummy@email.com
Mikolaj Joyce,dummy@email.com
Laibah Kaye,dummy@email.com
Annette Tait,dummy@email.com
Ivor Goddard,dummy@email.com
Andrew Prentice,dummy@email.com
Adina Robson,dummy@email.com
Joey Christie,dummy@email.com
Bentley Irving,dummy@email.com
Freddy Rosales,dummy@email.com
Abigail Hartley,dummy@email.com
Esmai Cresswell,dummy@email.com
Dione Wickens,dummy@email.com
Kellan Steadman,dummy@email.com
Macauly Hester,dummy@email.com
Mathias Snyder,dummy@email.com
Michael Seymour,dummy@email.com
Elisha Fuentes,dummy@email.com
Harmony Forrest,dummy@email.com
Cem Clarke,dummy@email.com
Scarlett Hale,dummy@email.com
Arjun Petty,dummy@email.com
Alyssia Price,dummy@email.com
Liana Smart,dummy@email.com
Ayomide Buxton,dummy@email.com
Albi Buchanan,dummy@email.com
Greg Solomon,dummy@email.com
Zahara Cabrera,dummy@email.com
Ameerah Beck,dummy@email.com
Elize Hogg,dummy@email.com
Kashif Kaur,dummy@email.com
Willard Peralta,dummy@email.com
Antony Lamb,dummy@email.com
Cameron Russell,dummy@email.com
Asim Buck,dummy@email.com
Cleveland Gardiner,dummy@email.com
Shakil Mcconnell,dummy@email.com
Daria Sampson,dummy@email.com
Douglas Carlson,dummy@email.com
Ezekiel Mair,dummy@email.com
Arham Noel,dummy@email.com
Cathal Dillon,dummy@email.com
Louise Travis,dummy@email.com
Kasper Thatcher,dummy@email.com
Rares Huerta,dummy@email.com
Amiya Lloyd,dummy@email.com
Fatema Bradley,dummy@email.com
Hassan Flowers,dummy@email.com
Kaelan Mcgregor,dummy@email.com
Jaya Howe,dummy@email.com
Awais Lane,dummy@email.com
Orlaith Carty,dummy@email.com
Lynsey Gilliam,dummy@email.com
Harry Harris,dummy@email.com
Samah Ferguson,dummy@email.com
Phebe Huff,dummy@email.com
Macey Kennedy,dummy@email.com
Corben Chambers,dummy@email.com
Ayisha Spooner,dummy@email.com
Alima Knowles,dummy@email.com
Emelia Redman,dummy@email.com
Allegra Koch,dummy@email.com
Adeel Vaughan,dummy@email.com
Hafsah Powell,dummy@email.com
Neve Flynn,dummy@email.com
Edgar Gay,dummy@email.com
Katherine Myers,dummy@email.com
Hashir Ponce,dummy@email.com
Milena Burn,dummy@email.com
Braiden Riggs,dummy@email.com